OverallQual,GrLivArea,BedroomAbvGr,FullBath,YearBuilt,GarageCars,TotalBsmtSF,Neighborhood,CentralAir,SalePrice
10,1308,1,1,2016,1.0,1003.0,Central,Y,471700.0
6,1577,1,1,1950,3.0,576.0,East,Y,339150.0
10,1739,3,2,2002,1.0,,Central,Y,496746.0
9,1096,3,2,1972,0.0,379.0,West,Y,358029.0
8,1962,4,2,1964,1.0,824.0,North,Y,468573.0
10,1632,1,1,1991,1.0,670.0,Central,Y,436346.0
7,654,1,1,1952,1.0,337.0,Central,Y,321277.0
8,621,1,1,1974,0.0,453.0,Central,Y,338688.0
5,1594,5,4,1990,0.0,598.0,North,Y,438453.0
10,1490,2,2,1970,3.0,764.0,East,Y,494599.0
7,1548,3,1,1993,0.0,626.0,South,Y,370125.0
9,1586,4,3,1984,2.0,1099.0,Central,Y,512344.0
6,1713,3,2,2009,2.0,505.0,West,Y,386803.0
9,2074,4,3,1963,2.0,544.0,Central,Y,489870.0
3,1044,2,1,1954,3.0,524.0,East,Y,279301.0
3,1014,2,2,1989,0.0,612.0,South,N,176800.0
7,1053,3,3,1969,1.0,713.0,East,Y,363460.0
8,1744,3,3,2002,0.0,966.0,North,Y,438021.0
9,2222,5,4,1956,2.0,1476.0,Central,Y,553171.0
6,1384,1,1,1992,2.0,603.0,West,Y,345951.0
8,500,1,1,2023,3.0,110.0,Central,Y,372436.0
7,748,2,2,1956,1.0,202.0,South,N,279399.0
10,1183,2,2,1972,0.0,264.0,Central,N,440216.0
8,1321,2,2,2012,3.0,525.0,Central,Y,444803.0
6,1396,2,2,1989,2.0,694.0,Central,Y,373486.0
10,1619,2,2,1962,3.0,670.0,North,Y,481903.0
3,1444,2,2,1965,1.0,775.0,East,N,248834.0
10,2125,3,3,2006,1.0,1038.0,North,N,540162.0
4,1262,3,3,2013,1.0,766.0,North,Y,363654.0
5,1169,1,1,1976,2.0,702.0,West,Y,389931.0
9,1839,4,2,1985,,719.0,West,Y,459461.0
8,832,1,1,2007,3.0,339.0,Central,Y,380277.0
10,1795,3,2,1963,0.0,989.0,South,Y,449333.0
8,1651,3,2,1965,1.0,921.0,South,Y,423466.0
8,1526,4,3,2007,1.0,593.0,East,Y,454576.0
5,2394,5,4,1963,2.0,953.0,North,Y,469660.0
3,1289,2,1,2007,2.0,795.0,North,Y,347683.0
3,2630,5,4,1986,3.0,1548.0,East,Y,454690.0
5,1487,1,1,2023,3.0,418.0,South,Y,385923.0
3,961,2,1,1952,0.0,447.0,West,Y,253093.0
7,1635,5,3,2020,0.0,1203.0,East,N,425328.0
9,1062,2,2,1966,3.0,236.0,Central,Y,409845.0
10,1224,2,2,1952,1.0,873.0,West,Y,492321.0
6,1799,4,3,2003,0.0,536.0,South,Y,379988.0
10,1878,4,3,1989,3.0,947.0,Central,Y,553674.0
10,1289,1,1,2011,2.0,586.0,Central,Y,446308.0
9,2094,2,2,1958,0.0,,South,Y,496007.0
6,2179,4,3,1955,3.0,1633.0,South,Y,480030.0
5,2318,4,3,1991,2.0,1096.0,West,Y,448249.0
10,1865,4,3,2015,2.0,1441.0,North,Y,565528.0
4,2282,4,3,1980,3.0,849.0,North,Y,451194.0
6,660,1,1,2009,1.0,475.0,North,Y,298784.0
3,1441,2,2,2017,,1086.0,Central,Y,363137.0
9,1166,1,1,2014,2.0,623.0,West,Y,437357.0
8,1660,3,2,1987,0.0,534.0,West,Y,437254.0
3,1314,2,2,2001,0.0,803.0,Central,Y,311046.0
4,1517,2,1,1988,3.0,803.0,East,Y,363275.0
7,2541,5,4,1999,0.0,1948.0,East,Y,538334.0
7,1515,4,4,1991,2.0,702.0,North,N,423338.0
9,1807,3,2,1988,1.0,653.0,North,N,444924.0
5,1484,1,1,1982,0.0,420.0,West,N,356944.0
10,1638,3,3,1998,2.0,1014.0,East,Y,478322.0
6,1603,3,2,2005,3.0,1257.0,East,Y,438822.0
9,1824,4,4,2018,1.0,396.0,Central,Y,503762.0
4,2183,5,4,1995,0.0,1406.0,West,Y,476602.0
3,2424,3,2,1957,0.0,1833.0,East,Y,374097.0
3,1755,5,3,1993,0.0,430.0,East,Y,327383.0
5,1895,3,2,1973,3.0,504.0,South,Y,365752.0
10,1025,2,2,1951,1.0,631.0,North,Y,422020.0
3,1556,1,1,1955,1.0,916.0,East,Y,265172.0
5,2070,3,2,1993,0.0,499.0,South,Y,374819.0
3,2033,5,4,2019,1.0,1424.0,East,Y,360178.0
10,1706,3,2,1987,3.0,877.0,Central,Y,524957.0
8,2043,4,3,1982,1.0,1521.0,South,Y,467928.0
9,1845,4,4,1956,2.0,1341.0,North,Y,470462.0
8,2200,4,3,1999,0.0,1513.0,South,Y,519424.0
8,1745,4,3,1954,0.0,889.0,South,Y,389435.0
9,1422,2,1,2012,2.0,499.0,West,Y,470676.0
3,1768,2,1,2010,0.0,890.0,East,Y,319774.0
9,500,1,1,2023,1.0,130.0,Central,Y,405229.0
8,1791,4,3,1971,1.0,1066.0,West,Y,483612.0
8,500,1,1,1961,0.0,140.0,East,Y,269269.0
6,738,1,1,1972,2.0,374.0,Central,N,269935.0
9,1826,3,3,2009,3.0,425.0,North,Y,527048.0
6,1839,3,2,1966,0.0,698.0,North,Y,396020.0
3,1019,2,1,2015,3.0,346.0,North,Y,297859.0
10,1244,1,1,1961,2.0,712.0,West,Y,464812.0
4,2285,4,3,1953,,1536.0,East,Y,408506.0
3,1358,2,2,1966,0.0,318.0,North,Y,289636.0
7,2721,6,4,2005,3.0,1932.0,East,Y,605677.0
4,1599,4,3,1994,0.0,1146.0,North,Y,391571.0
9,1804,3,2,1976,3.0,731.0,West,Y,486708.0
6,2408,4,3,1998,2.0,1434.0,East,Y,490869.0
3,1666,3,2,1997,1.0,736.0,South,N,262038.0
10,1099,1,1,1991,0.0,321.0,South,Y,363737.0
7,1545,2,2,1988,2.0,799.0,West,N,407766.0
5,1582,2,2,1957,0.0,398.0,South,Y,319337.0
8,918,1,1,1969,2.0,667.0,North,Y,371959.0
7,1472,2,3,1989,3.0,1111.0,North,Y,464649.0
3,1229,2,1,1960,1.0,852.0,Central,N,240618.0
9,2062,4,3,1985,0.0,1108.0,Central,Y,509059.0
6,1617,2,1,1958,0.0,864.0,West,Y,373315.0
8,1459,3,2,2008,0.0,1154.0,South,Y,398783.0
10,1547,3,2,1957,0.0,540.0,Central,Y,494652.0
7,1712,3,2,1956,0.0,420.0,Central,Y,429995.0
8,1908,3,2,1997,2.0,1025.0,West,Y,491533.0
5,1100,1,1,1966,1.0,437.0,East,Y,343922.0
4,1079,1,1,1976,3.0,424.0,South,Y,247075.0
6,2152,4,3,1973,3.0,440.0,North,Y,464997.0
9,1394,3,2,1966,3.0,777.0,Central,Y,469334.0
7,892,1,1,2006,2.0,320.0,East,Y,325416.0
5,1822,4,3,2001,1.0,570.0,South,Y,397598.0
9,1832,4,4,1967,3.0,411.0,South,Y,453103.0
9,835,1,1,2000,0.0,350.0,East,N,362539.0
10,1715,4,2,2002,1.0,1247.0,North,Y,542067.0
5,1968,3,2,1989,1.0,791.0,Central,Y,424376.0
8,1787,3,2,1992,2.0,1086.0,Central,Y,434523.0
7,1916,2,2,2019,2.0,1253.0,West,Y,449294.0
6,898,1,1,1983,3.0,356.0,East,Y,341206.0
6,1766,4,3,1978,3.0,1224.0,West,Y,445272.0
3,1449,2,2,1989,1.0,891.0,West,N,233403.0
5,1359,2,2,2011,3.0,728.0,West,Y,411140.0
7,2035,3,3,2002,0.0,408.0,North,Y,460635.0
10,2340,3,2,1955,3.0,517.0,East,Y,518479.0
9,2497,4,3,1983,0.0,1984.0,North,Y,587681.0
4,2257,4,3,2004,3.0,1511.0,East,Y,439404.0
8,1545,3,2,1966,1.0,1178.0,South,Y,397018.0
3,1776,4,2,2023,3.0,1317.0,North,N,391475.0
8,1983,4,3,2009,0.0,421.0,North,Y,526209.0
5,1661,3,2,2012,1.0,1121.0,West,Y,440353.0
6,1665,4,3,1956,3.0,784.0,North,N,411330.0
8,2012,3,2,1992,0.0,1356.0,Central,Y,498388.0
6,1570,3,2,1989,1.0,320.0,West,Y,408047.0
9,1235,3,2,1996,0.0,461.0,South,Y,369048.0
7,1393,4,3,2012,1.0,907.0,West,Y,441735.0
10,1917,2,2,1976,1.0,1296.0,North,Y,494621.0
8,1601,3,3,1989,2.0,915.0,Central,Y,474567.0
5,1770,4,3,2000,1.0,674.0,East,Y,395395.0
9,1935,4,3,2005,0.0,747.0,Central,N,499201.0
6,1413,3,2,2007,0.0,1102.0,North,Y,395044.0
7,1978,3,2,1974,3.0,917.0,East,Y,384110.0
4,1789,3,2,2023,3.0,838.0,East,Y,406971.0
3,983,2,2,1950,0.0,522.0,Central,Y,272005.0
7,2321,4,3,1986,0.0,1034.0,East,Y,492245.0
4,1350,2,2,1995,0.0,718.0,East,Y,316359.0
10,772,1,1,1954,3.0,355.0,South,Y,414364.0
9,1077,1,1,1983,2.0,750.0,South,Y,397179.0
8,1089,2,2,1994,3.0,812.0,East,Y,419923.0
8,1626,5,4,1994,1.0,1235.0,East,Y,495852.0
7,1463,1,1,1958,2.0,788.0,North,Y,401704.0
3,1432,3,2,1970,0.0,666.0,Central,Y,287758.0
6,1910,3,2,1968,2.0,1190.0,Central,Y,379412.0
6,1770,4,3,1997,2.0,1244.0,North,Y,437064.0
10,1758,3,2,1974,1.0,945.0,East,Y,506764.0
4,1805,4,3,1992,2.0,1119.0,North,Y,396640.0
6,1908,4,3,2004,2.0,1240.0,West,N,459829.0
5,546,1,1,2008,1.0,331.0,South,Y,258686.0
4,1418,3,2,1963,0.0,918.0,West,Y,355606.0
3,510,1,1,2016,0.0,166.0,West,Y,213158.0
5,1618,4,3,1962,3.0,807.0,Central,Y,416146.0
3,1598,3,3,1951,1.0,884.0,North,Y,343339.0
3,2123,5,4,1953,1.0,428.0,Central,Y,424549.0
5,2194,3,2,1964,2.0,1566.0,South,Y,378812.0
4,1701,2,1,2014,1.0,963.0,North,Y,362259.0
7,1350,3,2,1965,,375.0,East,Y,396963.0
3,1843,3,3,2001,2.0,1271.0,South,Y,405630.0
5,1336,3,2,1980,2.0,842.0,Central,Y,375718.0
6,1599,4,3,1952,2.0,1047.0,Central,Y,407343.0
10,2093,2,1,1982,0.0,911.0,South,Y,504631.0
8,1321,3,2,1952,1.0,941.0,Central,N,413341.0
10,2003,4,3,1985,1.0,898.0,South,Y,500177.0
5,1939,3,2,1991,2.0,1052.0,East,Y,424959.0
6,1123,1,1,1988,0.0,225.0,South,Y,334618.0
6,2087,4,3,1970,0.0,1225.0,Central,Y,496706.0
10,1949,2,1,2006,3.0,1230.0,North,N,538570.0
10,1651,4,3,1994,2.0,892.0,North,Y,516294.0
10,1219,1,1,1968,3.0,607.0,East,Y,434789.0
9,1170,2,1,1982,1.0,803.0,Central,Y,434239.0
7,1331,2,1,1958,3.0,810.0,,N,376423.0
7,1871,4,3,2018,1.0,686.0,West,Y,469724.0
10,1122,2,1,2005,2.0,,Central,Y,431333.0
5,1819,3,3,1971,0.0,1136.0,Central,Y,432439.0
5,979,1,1,1999,3.0,776.0,East,Y,299228.0
10,1498,4,3,2000,1.0,,,Y,467141.0
6,1655,3,3,1995,3.0,1243.0,Central,Y,449239.0
4,2823,5,3,1954,1.0,1844.0,West,Y,529222.0
7,911,1,1,2015,3.0,515.0,South,Y,341888.0
5,2336,3,2,2020,1.0,709.0,North,Y,440672.0
10,1675,3,2,2022,0.0,881.0,West,Y,483363.0
10,1806,2,2,2022,0.0,1191.0,South,Y,531820.0
5,1659,4,3,2018,2.0,850.0,Central,N,334606.0
7,1822,3,2,2004,0.0,1314.0,South,Y,402254.0
10,1523,5,3,1954,1.0,,North,N,521327.0
8,2327,3,2,1984,2.0,997.0,Central,Y,536313.0
4,1372,2,2,1968,1.0,691.0,North,N,278508.0
7,2166,5,4,1966,0.0,995.0,North,Y,476672.0
7,1278,3,2,2011,2.0,339.0,West,Y,405368.0
8,1570,2,2,2010,2.0,459.0,Central,Y,475865.0
3,1064,2,2,1988,2.0,748.0,North,Y,343992.0
5,1828,3,2,2004,3.0,897.0,South,N,395040.0
9,2323,4,2,1959,0.0,533.0,Central,Y,495604.0
4,1561,2,1,1966,1.0,328.0,Central,Y,352466.0
5,1502,3,2,2013,0.0,727.0,East,Y,348150.0
5,1043,1,1,1983,3.0,311.0,North,Y,300770.0
4,1485,3,3,1990,2.0,925.0,North,Y,325377.0
4,804,2,2,1984,0.0,544.0,South,Y,211304.0
5,1144,2,2,1964,2.0,386.0,North,Y,307077.0
9,1713,2,1,2011,0.0,951.0,West,Y,435728.0
3,2260,5,3,2006,1.0,661.0,North,Y,424529.0
5,3005,6,4,2000,2.0,1148.0,East,Y,508604.0
3,1307,2,1,1976,2.0,958.0,West,Y,228447.0
7,2318,4,2,1997,3.0,1220.0,West,Y,489042.0
5,1722,2,2,2020,2.0,1260.0,North,Y,407754.0
9,1524,2,2,1998,3.0,511.0,Central,Y,461202.0
7,1816,3,3,1986,2.0,723.0,West,Y,489062.0
9,1631,4,3,1970,0.0,787.0,West,Y,442462.0
8,1655,2,2,1988,0.0,808.0,North,Y,458342.0
6,1396,3,2,1977,3.0,1115.0,North,Y,403905.0
9,901,1,1,1995,0.0,242.0,Central,Y,378633.0
6,828,2,2,1953,1.0,589.0,,Y,269447.0
10,1927,3,3,1964,0.0,1384.0,South,Y,487037.0
10,1462,3,2,2008,1.0,778.0,East,Y,455747.0
7,1302,2,2,1978,2.0,529.0,West,Y,394043.0
8,1604,2,2,1982,0.0,821.0,Central,Y,427612.0
5,1997,3,3,1990,1.0,750.0,South,Y,375129.0
9,1690,3,2,1982,3.0,1148.0,Central,Y,524011.0
8,1272,1,1,2006,0.0,635.0,North,N,388921.0
10,2213,4,3,1968,0.0,1672.0,East,Y,527099.0
5,2390,4,4,2006,1.0,1371.0,West,Y,483665.0
9,1847,5,3,1965,3.0,939.0,North,Y,510051.0
6,2087,2,1,1977,1.0,1308.0,North,Y,416399.0
4,2221,4,3,1993,2.0,1116.0,East,Y,433985.0
4,2165,3,2,2015,0.0,1608.0,Central,Y,415194.0
7,1907,3,2,1967,2.0,592.0,West,Y,418278.0
5,1899,4,2,1993,0.0,1489.0,Central,Y,380998.0
3,1860,2,1,1954,2.0,1278.0,Central,Y,348939.0
6,1051,2,2,1955,0.0,753.0,East,Y,332313.0
8,1950,5,4,2006,3.0,955.0,Central,Y,511274.0
5,922,1,2,2003,1.0,648.0,North,Y,382402.0
10,1203,2,2,1977,0.0,462.0,North,Y,450863.0
9,2252,5,4,1996,1.0,1480.0,Central,N,574868.0
7,2020,4,3,1978,0.0,574.0,Central,Y,476513.0
10,2344,4,3,1970,0.0,901.0,South,N,548780.0
6,1464,1,1,1981,2.0,684.0,East,Y,351527.0
4,1024,2,2,1973,1.0,403.0,West,Y,225626.0
3,1480,3,2,2010,1.0,640.0,Central,Y,329667.0
10,1651,2,2,1980,3.0,1143.0,West,Y,517364.0
10,1639,3,2,1973,0.0,580.0,East,N,445393.0
8,2167,3,2,1989,1.0,,South,Y,488368.0
3,1419,2,2,2006,0.0,347.0,East,N,315084.0
5,1776,4,4,1970,1.0,1171.0,West,Y,417589.0
3,1106,1,1,2019,1.0,747.0,Central,Y,319979.0
3,1825,4,3,1984,0.0,805.0,East,Y,326426.0
4,1602,2,2,1998,0.0,1015.0,South,Y,305655.0
7,1225,2,2,2020,3.0,918.0,South,N,419502.0
3,1482,4,3,1981,0.0,1008.0,West,Y,330587.0
10,1508,4,2,1964,3.0,655.0,Central,Y,476689.0
6,1465,3,2,2005,3.0,719.0,North,Y,400182.0
5,2486,4,2,1950,1.0,1660.0,North,Y,443962.0
7,1551,2,2,1983,1.0,582.0,West,Y,387437.0
9,1478,3,2,2022,3.0,1008.0,North,Y,460595.0
5,551,1,1,1980,3.0,219.0,Central,Y,248266.0
3,1153,2,1,2000,0.0,788.0,South,Y,259814.0
3,1468,3,2,1988,3.0,370.0,North,Y,324217.0
9,1257,2,2,1965,3.0,285.0,Central,Y,462404.0
3,2291,3,2,1973,0.0,1830.0,North,Y,408852.0
8,1518,2,1,1988,0.0,1096.0,South,Y,407491.0
6,2244,5,4,1957,2.0,1637.0,North,N,450278.0
9,1631,2,3,1980,0.0,1257.0,North,Y,462735.0
3,1619,3,3,1980,2.0,750.0,North,Y,361140.0
10,1556,2,2,2011,0.0,579.0,North,Y,494037.0
8,1602,3,3,1959,2.0,,North,Y,438383.0
6,2459,4,4,2012,0.0,1231.0,North,Y,529051.0
4,500,2,1,1980,0.0,166.0,West,Y,229188.0
10,599,1,1,1998,0.0,456.0,West,Y,392044.0
5,1328,1,1,1991,0.0,269.0,South,Y,291426.0
6,1607,3,3,1972,2.0,459.0,South,Y,336942.0
6,1945,3,2,2018,0.0,677.0,East,Y,432320.0
4,1837,3,2,1966,3.0,587.0,Central,Y,407544.0
6,1408,3,2,1952,2.0,472.0,Central,Y,391960.0
4,2110,3,3,2005,1.0,1253.0,North,Y,436709.0
3,2115,5,4,1995,3.0,839.0,North,Y,417912.0
5,1692,2,2,2015,2.0,963.0,South,Y,366235.0
3,2081,3,2,1983,2.0,1528.0,South,Y,391532.0
6,1736,3,2,1951,0.0,975.0,East,Y,393721.0
9,1319,2,2,1951,2.0,813.0,East,Y,407177.0
4,1949,4,3,1982,2.0,817.0,North,Y,435507.0
3,1655,4,2,1968,3.0,490.0,South,Y,307523.0
3,1601,4,3,2018,1.0,628.0,East,N,317401.0
7,2336,6,4,1958,2.0,1819.0,North,Y,566813.0
5,500,1,1,2015,1.0,287.0,Central,Y,302131.0
6,891,2,2,1966,0.0,327.0,North,Y,301871.0
3,1006,1,1,1958,0.0,473.0,Central,Y,257309.0
5,1418,2,1,1970,3.0,994.0,North,Y,373292.0
6,1473,2,1,1960,2.0,885.0,Central,Y,314995.0
6,846,1,1,1979,1.0,454.0,Central,Y,294970.0
7,1107,1,2,1974,2.0,809.0,Central,Y,378686.0
9,1170,2,2,1989,0.0,706.0,Central,Y,409793.0
6,2829,4,3,1989,0.0,1657.0,Central,Y,535019.0
9,2501,5,4,1950,2.0,785.0,,Y,579452.0
7,1394,2,1,1959,2.0,368.0,Central,N,360126.0
5,1418,5,4,1961,3.0,1105.0,North,Y,372429.0
4,1025,2,1,1964,3.0,573.0,East,Y,303860.0
5,646,1,1,1956,1.0,290.0,East,Y,245164.0
7,1542,2,1,1973,3.0,853.0,Central,Y,420872.0
4,1101,3,3,1990,1.0,261.0,East,Y,299489.0
10,1558,4,3,1972,3.0,1080.0,South,Y,542816.0
6,800,2,1,1974,0.0,264.0,West,Y,239534.0
9,1219,1,1,1984,0.0,832.0,South,Y,375683.0
8,1674,3,2,1990,0.0,872.0,North,Y,444394.0
5,1783,2,2,1974,3.0,652.0,East,Y,373562.0
4,1809,4,3,1966,0.0,395.0,East,Y,376571.0
8,940,2,1,1980,3.0,,South,Y,387395.0
5,2027,4,3,1951,2.0,620.0,South,Y,393711.0
4,1200,1,1,1986,0.0,277.0,South,Y,262919.0
10,1916,3,2,2019,3.0,1252.0,South,Y,528147.0
6,1595,3,3,1979,0.0,654.0,South,Y,367277.0
3,912,3,2,1958,0.0,395.0,West,Y,245771.0
6,1442,4,2,2002,2.0,502.0,South,Y,376306.0
6,1783,2,2,1959,1.0,1276.0,Central,Y,419884.0
9,1906,4,3,1964,1.0,721.0,Central,Y,513118.0
8,1530,4,3,1960,0.0,499.0,East,Y,382775.0
4,2366,3,1,2015,2.0,912.0,South,Y,394009.0
4,2104,4,3,2022,0.0,677.0,East,Y,365713.0
7,1472,3,2,1992,0.0,575.0,Central,Y,427530.0
3,1975,3,2,1995,2.0,493.0,West,Y,380757.0
5,2567,3,2,1997,1.0,758.0,Central,Y,484121.0
4,2580,4,3,1995,2.0,1162.0,East,Y,428729.0
3,986,2,1,1990,0.0,717.0,West,N,288340.0
10,1137,2,1,2023,2.0,266.0,South,Y,414062.0
3,2342,4,3,2004,3.0,767.0,West,N,418381.0
3,1071,2,2,1956,1.0,798.0,South,N,254459.0
10,939,2,1,1979,1.0,689.0,West,Y,385593.0
4,1357,3,3,2022,2.0,825.0,Central,Y,361437.0
9,1810,3,2,1979,2.0,623.0,North,Y,490093.0
3,1549,2,1,1965,0.0,700.0,West,Y,371452.0
4,1275,2,1,2014,2.0,417.0,North,Y,344209.0
3,1263,1,1,1996,0.0,350.0,West,Y,319014.0
8,1244,3,2,1991,2.0,532.0,North,Y,450408.0
7,1160,2,1,1981,3.0,633.0,Central,Y,401144.0
6,2741,5,3,1959,2.0,1140.0,North,N,472325.0
4,1749,4,3,1978,3.0,991.0,Central,Y,431597.0
3,2043,2,1,1982,1.0,772.0,Central,Y,330498.0
7,1355,1,1,2018,3.0,552.0,West,Y,451233.0
4,1507,3,2,1972,3.0,1016.0,Central,Y,376783.0
7,1243,2,1,1961,3.0,904.0,Central,Y,328621.0
8,500,1,1,1981,,197.0,Central,Y,326983.0
9,911,1,1,2023,2.0,495.0,South,Y,405044.0
6,695,2,1,1985,2.0,255.0,West,Y,303489.0
3,500,2,1,1978,3.0,116.0,North,Y,255063.0
5,1002,2,2,1999,3.0,,West,Y,321561.0
9,2262,4,2,1998,1.0,684.0,North,Y,496532.0
7,1578,1,1,1972,0.0,719.0,East,Y,378686.0
7,2245,5,4,2021,0.0,1105.0,East,Y,502954.0
6,1805,4,4,1993,0.0,561.0,East,N,388163.0
4,1991,4,3,1954,0.0,511.0,East,Y,396915.0
10,1150,1,1,1980,0.0,470.0,Central,N,377955.0
9,1862,4,3,2018,0.0,1436.0,Central,Y,526547.0
10,1964,4,4,1979,3.0,1118.0,East,N,526813.0
9,1312,4,3,1992,0.0,563.0,West,Y,397636.0
5,1880,3,2,1995,2.0,420.0,Central,Y,382134.0
5,1883,3,3,2002,1.0,1055.0,North,Y,423243.0
4,1325,3,2,2014,0.0,338.0,North,Y,381539.0
10,1039,2,2,1961,2.0,546.0,North,Y,441575.0
7,1008,1,1,1988,3.0,656.0,West,Y,326947.0
6,1643,3,2,1989,3.0,746.0,East,Y,337371.0
10,1764,4,3,1961,3.0,670.0,Central,Y,537276.0
7,1204,2,1,1999,2.0,275.0,West,Y,377935.0
10,1613,3,2,1958,2.0,347.0,South,Y,480983.0
10,1885,3,2,1983,0.0,863.0,Central,Y,483091.0
3,1909,5,4,1974,3.0,1394.0,Central,Y,422412.0
5,2376,4,3,1961,2.0,823.0,South,Y,453878.0
8,2238,4,3,2010,1.0,1218.0,South,N,472967.0
9,1099,2,2,1968,1.0,671.0,South,Y,373941.0
4,2442,5,3,1968,2.0,578.0,North,Y,444206.0
5,1335,1,1,2013,0.0,390.0,North,Y,352912.0
7,2122,3,3,2014,3.0,846.0,Central,Y,508540.0
9,1634,1,2,1952,1.0,984.0,East,Y,462352.0
3,1394,3,2,1970,0.0,646.0,South,N,248070.0
7,696,1,1,2002,1.0,446.0,West,Y,294878.0
5,1514,2,2,2007,3.0,1091.0,East,Y,442402.0
4,820,2,2,2023,1.0,537.0,Central,Y,290100.0
7,2084,3,2,1991,2.0,1658.0,Central,Y,480723.0
6,2358,4,3,1950,3.0,1539.0,East,Y,481487.0
8,1202,2,2,2014,0.0,855.0,South,Y,389040.0
5,1751,4,3,1961,3.0,1225.0,Central,Y,413168.0
9,1237,3,2,1958,1.0,789.0,West,N,397011.0
3,1286,2,2,1999,2.0,876.0,Central,Y,327134.0
9,1987,3,3,1994,0.0,1512.0,North,Y,515781.0
3,1581,4,3,1954,0.0,767.0,Central,Y,269054.0
8,2470,5,3,1962,3.0,1440.0,West,Y,594792.0
5,1359,1,1,1993,3.0,692.0,North,Y,361139.0
6,2100,4,2,1968,3.0,1492.0,West,Y,481972.0
3,1649,2,1,2000,,757.0,West,Y,308838.0
8,1998,5,4,1980,1.0,1382.0,North,Y,494931.0
4,1376,3,2,1993,0.0,935.0,East,Y,311832.0
8,1575,3,2,1985,1.0,1224.0,Central,Y,489900.0
8,1542,3,2,1977,2.0,539.0,South,Y,401777.0
9,1182,2,1,1975,1.0,740.0,East,Y,422992.0
8,1931,4,4,2001,1.0,1263.0,East,N,458558.0
5,1925,3,3,1988,0.0,1466.0,South,Y,384298.0
8,1897,4,3,1993,1.0,1412.0,Central,N,471872.0
9,2368,5,4,1992,0.0,1288.0,Central,Y,589960.0
5,2325,4,3,1965,0.0,1273.0,North,Y,396043.0
3,1413,2,2,2017,0.0,424.0,Central,Y,287995.0
10,1787,2,2,1991,2.0,1403.0,Central,Y,474916.0
4,1288,1,1,2003,1.0,455.0,South,Y,269832.0
7,1612,1,1,2015,0.0,1023.0,Central,Y,400894.0
4,1300,3,1,2018,2.0,881.0,North,Y,313096.0
4,2410,6,4,1999,0.0,1120.0,Central,Y,442706.0
9,1782,4,3,2008,0.0,582.0,West,Y,433678.0
4,1491,1,1,1984,0.0,467.0,West,Y,290491.0
8,2197,5,4,2004,1.0,1568.0,North,Y,567780.0
8,515,2,1,1973,3.0,261.0,Central,Y,357913.0
3,593,1,1,2002,0.0,151.0,North,Y,229710.0
4,1998,4,3,1956,1.0,1259.0,South,N,331123.0
9,1630,1,1,2017,0.0,571.0,North,Y,415076.0
7,1725,3,2,1968,1.0,1252.0,Central,Y,409282.0
3,937,1,1,1998,2.0,361.0,North,Y,273163.0
10,1588,3,3,1950,1.0,508.0,Central,Y,495328.0
5,2602,3,3,1961,2.0,653.0,West,Y,485933.0
3,2012,4,3,2023,3.0,1020.0,North,Y,438995.0
10,1685,4,3,2011,3.0,793.0,North,Y,514510.0
3,1380,2,1,1966,2.0,898.0,North,Y,312278.0
7,1403,2,2,1959,2.0,672.0,West,N,364367.0
10,535,1,1,2010,3.0,217.0,Central,Y,397851.0
7,1729,3,3,2023,3.0,617.0,South,N,479349.0
7,2023,3,3,1962,1.0,742.0,Central,Y,413161.0
6,812,1,1,1999,0.0,614.0,North,Y,307755.0
4,1269,3,1,1970,0.0,379.0,Central,Y,336481.0
7,1021,1,1,2005,3.0,810.0,Central,Y,352968.0
10,1117,1,1,1980,2.0,443.0,Central,Y,417825.0
3,1627,3,2,1959,1.0,412.0,West,Y,305035.0
10,558,2,2,1974,1.0,195.0,Central,N,355158.0
6,1907,4,3,1989,1.0,448.0,North,Y,393810.0
7,1977,3,2,2009,3.0,1333.0,South,Y,484971.0
4,1474,3,3,1951,2.0,748.0,North,Y,364361.0
7,500,1,1,2020,3.0,201.0,,Y,340827.0
4,1102,2,2,1998,1.0,658.0,West,Y,290355.0
5,2216,4,3,2014,1.0,1282.0,West,Y,463399.0
8,500,1,1,2018,0.0,382.0,Central,Y,314990.0
3,1426,3,2,1961,3.0,1108.0,North,Y,328289.0
6,1010,1,1,1956,2.0,614.0,West,Y,378939.0
7,2002,4,4,2007,2.0,1383.0,North,Y,505106.0
4,1262,3,2,1963,1.0,852.0,South,Y,269268.0
5,1802,1,1,1960,1.0,892.0,West,Y,373734.0
5,1883,4,3,1984,3.0,1172.0,Central,Y,409656.0
8,2518,2,1,2017,1.0,622.0,,Y,488401.0
10,1499,2,2,2008,2.0,982.0,North,N,449163.0
9,1788,4,4,1988,0.0,1389.0,West,Y,484974.0
4,857,1,1,1964,1.0,215.0,North,Y,284939.0
3,2195,3,2,1974,3.0,1540.0,Central,Y,434055.0
3,1220,1,1,2000,0.0,927.0,West,Y,300461.0
7,1320,3,3,1961,0.0,443.0,North,Y,351151.0
4,1589,1,1,1988,3.0,818.0,North,Y,349856.0
4,819,2,1,1950,1.0,620.0,North,N,250575.0
9,1714,3,3,1974,1.0,1330.0,Central,Y,473222.0
9,2084,3,3,1968,2.0,577.0,East,Y,493167.0
9,1746,3,2,2000,,715.0,Central,Y,488314.0
5,806,1,1,2017,0.0,499.0,West,Y,285423.0
7,1538,3,3,1960,0.0,512.0,East,Y,394597.0
7,1971,4,3,2008,0.0,778.0,North,Y,505457.0
4,661,1,1,1998,0.0,141.0,Central,Y,249527.0
7,1063,2,2,2021,2.0,311.0,South,Y,395386.0
7,2038,3,2,2017,1.0,1095.0,East,Y,484574.0
6,1735,4,3,1957,0.0,1027.0,West,Y,365430.0
9,1806,2,1,2004,0.0,1064.0,West,Y,444409.0
8,2530,6,4,1993,1.0,1688.0,Central,Y,550944.0
7,1834,3,2,1958,3.0,824.0,North,Y,427451.0
8,1929,3,2,1969,1.0,702.0,East,Y,451394.0
9,2955,5,4,2018,0.0,619.0,East,Y,609783.0
7,1493,2,2,1990,0.0,484.0,East,Y,418996.0
5,1201,1,1,1975,1.0,465.0,North,Y,328909.0
9,1814,3,2,1973,0.0,557.0,North,Y,452924.0
8,1819,2,1,2012,3.0,386.0,South,Y,399407.0
10,1337,1,1,1970,3.0,394.0,South,Y,431002.0
4,1084,2,1,1961,1.0,650.0,East,N,263434.0
6,2755,4,3,1992,3.0,1592.0,West,Y,546304.0
10,1763,3,2,2023,1.0,1342.0,West,Y,575017.0
7,1234,2,2,1963,0.0,838.0,East,Y,390839.0
10,2058,3,2,1968,3.0,1113.0,East,Y,551191.0
3,1545,4,3,1984,3.0,437.0,South,Y,308439.0
3,1474,3,2,1964,1.0,794.0,West,Y,301557.0
9,1881,4,3,1998,2.0,446.0,South,Y,482142.0
5,954,1,1,1968,0.0,437.0,North,Y,268171.0
7,1776,3,1,1959,2.0,771.0,East,Y,431900.0
6,2556,5,4,1969,2.0,1167.0,East,Y,512239.0
6,1833,3,2,2018,2.0,674.0,South,Y,392829.0
10,1412,3,1,2019,2.0,863.0,East,Y,510024.0
3,1346,1,1,1987,2.0,948.0,East,Y,308182.0
9,1395,2,2,1979,2.0,922.0,West,Y,403994.0
10,1473,2,2,2010,3.0,849.0,West,Y,495203.0
8,1411,3,2,1964,0.0,738.0,West,Y,411049.0
6,2058,3,2,1998,1.0,450.0,South,Y,441450.0
4,733,1,1,2000,1.0,465.0,Central,Y,267238.0
8,2031,4,4,2002,2.0,1070.0,East,Y,529993.0
6,1410,2,2,1966,0.0,511.0,East,Y,353927.0
4,1788,4,3,2002,1.0,709.0,West,Y,355266.0
5,1037,2,2,1995,3.0,790.0,South,Y,292236.0
10,2264,4,3,2014,0.0,1301.0,East,Y,584722.0
5,2223,4,2,1962,2.0,1079.0,West,Y,467677.0
4,2080,4,3,1995,2.0,1191.0,Central,N,423561.0
8,843,1,2,2011,1.0,378.0,Central,Y,415802.0
4,2015,3,3,1970,0.0,971.0,East,Y,405668.0
10,1802,3,3,2005,0.0,674.0,East,Y,514643.0
9,797,3,2,1957,1.0,370.0,Central,Y,357272.0
10,1588,2,1,2003,0.0,971.0,South,Y,496594.0
10,1782,4,3,1994,0.0,399.0,Central,Y,516860.0
4,1878,2,1,1964,0.0,1271.0,East,Y,344162.0
4,1689,3,2,1954,0.0,625.0,North,Y,324408.0
5,1746,4,4,2005,3.0,1064.0,North,Y,447732.0
6,2337,5,4,1967,2.0,1369.0,Central,Y,458661.0
10,2213,4,3,1986,0.0,1309.0,North,Y,566359.0
8,500,1,1,1954,2.0,282.0,South,N,254037.0
8,1441,3,2,2021,0.0,1117.0,South,Y,429306.0
10,1518,3,2,1990,1.0,767.0,North,Y,467295.0
8,724,1,1,2018,0.0,463.0,South,Y,324364.0
6,1647,3,3,1961,0.0,1027.0,West,Y,373008.0
6,2224,4,3,1965,0.0,760.0,North,Y,442439.0
7,1057,1,1,1995,1.0,391.0,Central,Y,409867.0
3,1768,3,2,1994,1.0,803.0,Central,Y,395660.0
8,1142,1,1,2008,1.0,419.0,South,N,359074.0
8,1264,3,2,2018,2.0,531.0,North,Y,433466.0
8,2339,5,4,2010,2.0,1016.0,West,Y,568708.0
7,1329,3,2,1960,2.0,747.0,North,Y,424660.0
9,1831,4,3,1972,2.0,608.0,South,Y,450734.0
10,664,1,1,2017,2.0,453.0,Central,Y,410308.0
7,2531,5,3,1990,1.0,1171.0,Central,Y,484164.0
6,1901,4,3,2014,0.0,1186.0,Central,Y,480811.0
3,1509,3,2,1991,1.0,376.0,South,Y,354609.0
9,1888,3,1,1953,0.0,910.0,West,Y,459712.0
10,895,3,3,1984,,194.0,West,Y,381242.0
8,2191,4,3,2011,1.0,1327.0,South,Y,517793.0
9,1438,2,2,1998,3.0,584.0,West,N,419740.0
9,1498,3,2,1959,3.0,1153.0,North,Y,452050.0
9,1354,3,2,1965,1.0,534.0,South,Y,422616.0
7,1310,1,1,2013,3.0,705.0,East,Y,409254.0
3,1947,4,3,2022,1.0,690.0,North,Y,381112.0
3,1728,3,2,2005,0.0,989.0,North,N,316692.0
4,1926,3,2,1957,0.0,925.0,Central,Y,375156.0
6,1596,4,3,1995,0.0,674.0,Central,N,378805.0
8,1857,4,2,2011,3.0,598.0,East,Y,459328.0
6,1391,2,1,1997,1.0,371.0,Central,Y,366749.0
3,2715,6,4,1993,1.0,738.0,Central,Y,473899.0
4,816,2,1,1984,1.0,652.0,North,Y,274943.0
10,2230,4,3,1968,1.0,998.0,East,Y,501276.0
10,2284,5,3,1970,3.0,459.0,South,Y,565629.0
6,1174,2,1,2005,3.0,906.0,North,Y,315378.0
9,2715,5,4,1955,0.0,576.0,Central,Y,546734.0
8,2098,3,3,1956,2.0,947.0,East,N,446071.0
10,2086,4,3,1979,1.0,1315.0,East,Y,538734.0
10,1614,3,3,2007,0.0,1208.0,North,Y,515126.0
8,1491,3,2,1998,3.0,936.0,North,Y,488852.0
6,1495,2,1,1993,0.0,715.0,Central,Y,361485.0
8,1795,3,3,1989,0.0,1408.0,North,Y,484634.0
5,2301,4,3,1958,0.0,514.0,South,Y,406332.0
5,1691,2,1,1974,1.0,1340.0,South,Y,316867.0
7,1144,1,1,1955,2.0,812.0,East,Y,403120.0
7,2012,4,4,2006,1.0,1524.0,West,Y,456683.0
7,2061,2,2,2005,0.0,727.0,East,Y,457508.0
6,1927,4,3,1969,0.0,550.0,North,Y,428994.0
6,1973,3,2,1971,3.0,1180.0,South,Y,435786.0
3,1465,4,3,1973,3.0,746.0,Central,N,320939.0
7,1136,2,1,2015,3.0,584.0,West,Y,417003.0
7,1166,3,2,1986,2.0,880.0,West,Y,353641.0
10,782,1,1,2006,2.0,447.0,West,Y,407570.0
7,1718,3,3,1983,3.0,664.0,Central,Y,443235.0
6,1558,3,3,2001,2.0,686.0,North,Y,401296.0
3,1380,2,1,1989,1.0,387.0,South,Y,291535.0
4,500,2,1,1970,1.0,158.0,East,Y,255281.0
5,976,1,1,2014,1.0,279.0,South,Y,284701.0
6,2160,4,3,2002,0.0,1482.0,Central,Y,494193.0
5,1268,3,2,2006,0.0,790.0,East,Y,344944.0
6,1780,4,3,2020,2.0,922.0,Central,Y,436078.0
9,905,3,2,1968,3.0,384.0,Central,Y,405988.0
4,2319,4,3,1956,0.0,1394.0,East,Y,403420.0
5,1528,2,2,1993,0.0,1051.0,Central,Y,355732.0
4,1745,2,1,1974,0.0,1272.0,West,Y,362733.0
5,2763,6,4,1982,3.0,1459.0,Central,Y,543383.0
8,2358,5,4,1967,1.0,1632.0,South,Y,473190.0
3,1447,3,2,1979,1.0,733.0,East,Y,271451.0
5,1303,1,2,1979,0.0,632.0,East,Y,333298.0
3,1437,3,2,1975,3.0,1034.0,North,Y,322125.0
10,1855,2,1,2004,1.0,801.0,South,Y,489944.0
8,1547,4,4,1993,3.0,677.0,Central,Y,498554.0
4,1402,5,3,1985,2.0,537.0,West,Y,326312.0
4,2334,5,4,1958,0.0,,North,Y,393676.0
3,1543,3,2,1992,3.0,813.0,South,Y,374050.0
6,2750,5,4,1962,2.0,1640.0,North,Y,542959.0
9,1645,2,1,1973,2.0,754.0,North,Y,450266.0
7,2493,4,3,1980,0.0,824.0,Central,Y,478888.0
10,1779,2,2,1960,3.0,1281.0,East,Y,490012.0
5,2081,3,2,1978,3.0,848.0,South,Y,384485.0
5,1238,4,3,1969,1.0,933.0,West,Y,373659.0
6,1173,2,1,2012,0.0,381.0,North,Y,331044.0
4,1830,4,2,2013,3.0,981.0,South,Y,421896.0
10,2094,4,3,1950,3.0,1093.0,West,Y,531648.0
4,1620,3,2,1994,2.0,1129.0,West,Y,350238.0
6,957,3,2,1997,2.0,271.0,Central,Y,345215.0
7,920,2,1,1977,0.0,686.0,West,Y,270094.0
